[{"brand":"chevrolet","model":"chevelle malibu","year":"1970","origin":"USA","horsepower":130,"weight":3504,"cylinders":8,"milesPerGallon":18},{"brand":"buick","model":"skylark 320","year":"1970","origin":"USA","horsepower":165,"weight":3693,"cylinders":8,"milesPerGallon":15},{"brand":"plymouth","model":"satellite","year":"1970","origin":"USA","horsepower":150,"weight":3436,"cylinders":8,"milesPerGallon":18},{"brand":"amc","model":"rebel sst","year":"1970","origin":"USA","horsepower":150,"weight":3433,"cylinders":8,"milesPerGallon":16},{"brand":"ford","model":"torino","year":"1970","origin":"USA","horsepower":140,"weight":3449,"cylinders":8,"milesPerGallon":17},{"brand":"ford","model":"galaxie 500","year":"1970","origin":"USA","horsepower":198,"weight":4341,"cylinders":8,"milesPerGallon":15},{"brand":"chevrolet","model":"impala","year":"1970","origin":"USA","horsepower":220,"weight":4354,"cylinders":8,"milesPerGallon":14},{"brand":"plymouth","model":"fury iii","year":"1970","origin":"USA","horsepower":215,"weight":4312,"cylinders":8,"milesPerGallon":14},{"brand":"pontiac","model":"catalina","year":"1970","origin":"USA","horsepower":225,"weight":4425,"cylinders":8,"milesPerGallon":14},{"brand":"amc","model":"ambassador dpl","year":"1970","origin":"USA","horsepower":190,"weight":3850,"cylinders":8,"milesPerGallon":15},{"brand":"citroen","model":"ds-21 pallas","year":"1970","origin":"Europe","horsepower":115,"weight":3090,"cylinders":4,"milesPerGallon":null},{"brand":"chevrolet","model":"chevelle concours (sw)","year":"1970","origin":"USA","horsepower":165,"weight":4142,"cylinders":8,"milesPerGallon":null},{"brand":"ford","model":"torino (sw)","year":"1970","origin":"USA","horsepower":153,"weight":4034,"cylinders":8,"milesPerGallon":null},{"brand":"plymouth","model":"satellite (sw)","year":"1970","origin":"USA","horsepower":175,"weight":4166,"cylinders":8,"milesPerGallon":null},{"brand":"amc","model":"rebel sst (sw)","year":"1970","origin":"USA","horsepower":175,"weight":3850,"cylinders":8,"milesPerGallon":null},{"brand":"dodge","model":"challenger se","year":"1970","origin":"USA","horsepower":170,"weight":3563,"cylinders":8,"milesPerGallon":15},{"brand":"plymouth","model":"'cuda 340","year":"1970","origin":"USA","horsepower":160,"weight":3609,"cylinders":8,"milesPerGallon":14},{"brand":"ford","model":"mustang boss 302","year":"1970","origin":"USA","horsepower":140,"weight":3353,"cylinders":8,"milesPerGallon":null},{"brand":"chevrolet","model":"monte carlo","year":"1970","origin":"USA","horsepower":150,"weight":3761,"cylinders":8,"milesPerGallon":15},{"brand":"buick","model":"estate wagon (sw)","year":"1970","origin":"USA","horsepower":225,"weight":3086,"cylinders":8,"milesPerGallon":14},{"brand":"toyota","model":"corona mark ii","year":"1970","origin":"Japan","horsepower":95,"weight":2372,"cylinders":4,"milesPerGallon":24},{"brand":"plymouth","model":"duster","year":"1970","origin":"USA","horsepower":95,"weight":2833,"cylinders":6,"milesPerGallon":22},{"brand":"amc","model":"hornet","year":"1970","origin":"USA","horsepower":97,"weight":2774,"cylinders":6,"milesPerGallon":18},{"brand":"ford","model":"maverick","year":"1970","origin":"USA","horsepower":85,"weight":2587,"cylinders":6,"milesPerGallon":21},{"brand":"datsun","model":"pl510","year":"1970","origin":"Japan","horsepower":88,"weight":2130,"cylinders":4,"milesPerGallon":27},{"brand":"volkswagen","model":"1131 deluxe sedan","year":"1970","origin":"Europe","horsepower":46,"weight":1835,"cylinders":4,"milesPerGallon":26},{"brand":"peugeot","model":"504","year":"1970","origin":"Europe","horsepower":87,"weight":2672,"cylinders":4,"milesPerGallon":25},{"brand":"audi","model":"100 ls","year":"1970","origin":"Europe","horsepower":90,"weight":2430,"cylinders":4,"milesPerGallon":24},{"brand":"saab","model":"99e","year":"1970","origin":"Europe","horsepower":95,"weight":2375,"cylinders":4,"milesPerGallon":25},{"brand":"bmw","model":"2002","year":"1970","origin":"Europe","horsepower":113,"weight":2234,"cylinders":4,"milesPerGallon":26},{"brand":"amc","model":"gremlin","year":"1970","origin":"USA","horsepower":90,"weight":2648,"cylinders":6,"milesPerGallon":21},{"brand":"ford","model":"f250","year":"1970","origin":"USA","horsepower":215,"weight":4615,"cylinders":8,"milesPerGallon":10},{"brand":"chevy","model":"c20","year":"1970","origin":"USA","horsepower":200,"weight":4376,"cylinders":8,"milesPerGallon":10},{"brand":"dodge","model":"d200","year":"1970","origin":"USA","horsepower":210,"weight":4382,"cylinders":8,"milesPerGallon":11},{"brand":"hi","model":"1200d","year":"1970","origin":"USA","horsepower":193,"weight":4732,"cylinders":8,"milesPerGallon":9},{"brand":"datsun","model":"pl510","year":"1971","origin":"Japan","horsepower":88,"weight":2130,"cylinders":4,"milesPerGallon":27},{"brand":"chevrolet","model":"vega 2300","year":"1971","origin":"USA","horsepower":90,"weight":2264,"cylinders":4,"milesPerGallon":28},{"brand":"toyota","model":"corona","year":"1971","origin":"Japan","horsepower":95,"weight":2228,"cylinders":4,"milesPerGallon":25},{"brand":"ford","model":"pinto","year":"1971","origin":"USA","horsepower":null,"weight":2046,"cylinders":4,"milesPerGallon":25},{"brand":"volkswagen","model":"super beetle 117","year":"1971","origin":"Europe","horsepower":48,"weight":1978,"cylinders":4,"milesPerGallon":null},{"brand":"amc","model":"gremlin","year":"1971","origin":"USA","horsepower":100,"weight":2634,"cylinders":6,"milesPerGallon":19},{"brand":"plymouth","model":"satellite custom","year":"1971","origin":"USA","horsepower":105,"weight":3439,"cylinders":6,"milesPerGallon":16},{"brand":"chevrolet","model":"chevelle malibu","year":"1971","origin":"USA","horsepower":100,"weight":3329,"cylinders":6,"milesPerGallon":17},{"brand":"ford","model":"torino 500","year":"1971","origin":"USA","horsepower":88,"weight":3302,"cylinders":6,"milesPerGallon":19},{"brand":"amc","model":"matador","year":"1971","origin":"USA","horsepower":100,"weight":3288,"cylinders":6,"milesPerGallon":18},{"brand":"chevrolet","model":"impala","year":"1971","origin":"USA","horsepower":165,"weight":4209,"cylinders":8,"milesPerGallon":14},{"brand":"pontiac","model":"catalina brougham","year":"1971","origin":"USA","horsepower":175,"weight":4464,"cylinders":8,"milesPerGallon":14},{"brand":"ford","model":"galaxie 500","year":"1971","origin":"USA","horsepower":153,"weight":4154,"cylinders":8,"milesPerGallon":14},{"brand":"plymouth","model":"fury iii","year":"1971","origin":"USA","horsepower":150,"weight":4096,"cylinders":8,"milesPerGallon":14},{"brand":"dodge","model":"monaco (sw)","year":"1971","origin":"USA","horsepower":180,"weight":4955,"cylinders":8,"milesPerGallon":12},{"brand":"ford","model":"country squire (sw)","year":"1971","origin":"USA","horsepower":170,"weight":4746,"cylinders":8,"milesPerGallon":13},{"brand":"pontiac","model":"safari (sw)","year":"1971","origin":"USA","horsepower":175,"weight":5140,"cylinders":8,"milesPerGallon":13},{"brand":"amc","model":"hornet sportabout (sw)","year":"1971","origin":"USA","horsepower":110,"weight":2962,"cylinders":6,"milesPerGallon":18},{"brand":"chevrolet","model":"vega (sw)","year":"1971","origin":"USA","horsepower":72,"weight":2408,"cylinders":4,"milesPerGallon":22},{"brand":"pontiac","model":"firebird","year":"1971","origin":"USA","horsepower":100,"weight":3282,"cylinders":6,"milesPerGallon":19},{"brand":"ford","model":"mustang","year":"1971","origin":"USA","horsepower":88,"weight":3139,"cylinders":6,"milesPerGallon":18},{"brand":"mercury","model":"capri 2000","year":"1971","origin":"USA","horsepower":86,"weight":2220,"cylinders":4,"milesPerGallon":23},{"brand":"opel","model":"1900","year":"1971","origin":"Europe","horsepower":90,"weight":2123,"cylinders":4,"milesPerGallon":28},{"brand":"peugeot","model":"304","year":"1971","origin":"Europe","horsepower":70,"weight":2074,"cylinders":4,"milesPerGallon":30},{"brand":"fiat","model":"124b","year":"1971","origin":"Europe","horsepower":76,"weight":2065,"cylinders":4,"milesPerGallon":30},{"brand":"toyota","model":"corolla 1200","year":"1971","origin":"Japan","horsepower":65,"weight":1773,"cylinders":4,"milesPerGallon":31},{"brand":"datsun","model":"1200","year":"1971","origin":"Japan","horsepower":69,"weight":1613,"cylinders":4,"milesPerGallon":35},{"brand":"volkswagen","model":"model 111","year":"1971","origin":"Europe","horsepower":60,"weight":1834,"cylinders":4,"milesPerGallon":27},{"brand":"plymouth","model":"cricket","year":"1971","origin":"USA","horsepower":70,"weight":1955,"cylinders":4,"milesPerGallon":26},{"brand":"toyota","model":"corona hardtop","year":"1972","origin":"Japan","horsepower":95,"weight":2278,"cylinders":4,"milesPerGallon":24},{"brand":"dodge","model":"colt hardtop","year":"1972","origin":"USA","horsepower":80,"weight":2126,"cylinders":4,"milesPerGallon":25},{"brand":"volkswagen","model":"type 3","year":"1972","origin":"Europe","horsepower":54,"weight":2254,"cylinders":4,"milesPerGallon":23},{"brand":"chevrolet","model":"vega","year":"1972","origin":"USA","horsepower":90,"weight":2408,"cylinders":4,"milesPerGallon":20},{"brand":"ford","model":"pinto runabout","year":"1972","origin":"USA","horsepower":86,"weight":2226,"cylinders":4,"milesPerGallon":21},{"brand":"chevrolet","model":"impala","year":"1972","origin":"USA","horsepower":165,"weight":4274,"cylinders":8,"milesPerGallon":13},{"brand":"pontiac","model":"catalina","year":"1972","origin":"USA","horsepower":175,"weight":4385,"cylinders":8,"milesPerGallon":14},{"brand":"plymouth","model":"fury iii","year":"1972","origin":"USA","horsepower":150,"weight":4135,"cylinders":8,"milesPerGallon":15},{"brand":"ford","model":"galaxie 500","year":"1972","origin":"USA","horsepower":153,"weight":4129,"cylinders":8,"milesPerGallon":14},{"brand":"amc","model":"ambassador sst","year":"1972","origin":"USA","horsepower":150,"weight":3672,"cylinders":8,"milesPerGallon":17},{"brand":"mercury","model":"marquis","year":"1972","origin":"USA","horsepower":208,"weight":4633,"cylinders":8,"milesPerGallon":11},{"brand":"buick","model":"lesabre custom","year":"1972","origin":"USA","horsepower":155,"weight":4502,"cylinders":8,"milesPerGallon":13},{"brand":"oldsmobile","model":"delta 88 royale","year":"1972","origin":"USA","horsepower":160,"weight":4456,"cylinders":8,"milesPerGallon":12},{"brand":"chrysler","model":"newport royal","year":"1972","origin":"USA","horsepower":190,"weight":4422,"cylinders":8,"milesPerGallon":13},{"brand":"mazda","model":"rx2 coupe","year":"1972","origin":"Japan","horsepower":97,"weight":2330,"cylinders":3,"milesPerGallon":19},{"brand":"amc","model":"matador (sw)","year":"1972","origin":"USA","horsepower":150,"weight":3892,"cylinders":8,"milesPerGallon":15},{"brand":"chevrolet","model":"chevelle concours (sw)","year":"1972","origin":"USA","horsepower":130,"weight":4098,"cylinders":8,"milesPerGallon":13},{"brand":"ford","model":"gran torino (sw)","year":"1972","origin":"USA","horsepower":140,"weight":4294,"cylinders":8,"milesPerGallon":13},{"brand":"plymouth","model":"satellite custom (sw)","year":"1972","origin":"USA","horsepower":150,"weight":4077,"cylinders":8,"milesPerGallon":14},{"brand":"volvo","model":"145e (sw)","year":"1972","origin":"Europe","horsepower":112,"weight":2933,"cylinders":4,"milesPerGallon":18},{"brand":"volkswagen","model":"411 (sw)","year":"1972","origin":"Europe","horsepower":76,"weight":2511,"cylinders":4,"milesPerGallon":22},{"brand":"peugeot","model":"504 (sw)","year":"1972","origin":"Europe","horsepower":87,"weight":2979,"cylinders":4,"milesPerGallon":21},{"brand":"renault","model":"12 (sw)","year":"1972","origin":"Europe","horsepower":69,"weight":2189,"cylinders":4,"milesPerGallon":26},{"brand":"ford","model":"pinto (sw)","year":"1972","origin":"USA","horsepower":86,"weight":2395,"cylinders":4,"milesPerGallon":22},{"brand":"datsun","model":"510 (sw)","year":"1972","origin":"Japan","horsepower":92,"weight":2288,"cylinders":4,"milesPerGallon":28},{"brand":"toyouta","model":"corona mark ii (sw)","year":"1972","origin":"Japan","horsepower":97,"weight":2506,"cylinders":4,"milesPerGallon":23},{"brand":"dodge","model":"colt (sw)","year":"1972","origin":"USA","horsepower":80,"weight":2164,"cylinders":4,"milesPerGallon":28},{"brand":"toyota","model":"corolla 1600 (sw)","year":"1972","origin":"Japan","horsepower":88,"weight":2100,"cylinders":4,"milesPerGallon":27},{"brand":"buick","model":"century 350","year":"1973","origin":"USA","horsepower":175,"weight":4100,"cylinders":8,"milesPerGallon":13},{"brand":"amc","model":"matador","year":"1973","origin":"USA","horsepower":150,"weight":3672,"cylinders":8,"milesPerGallon":14},{"brand":"chevrolet","model":"malibu","year":"1973","origin":"USA","horsepower":145,"weight":3988,"cylinders":8,"milesPerGallon":13},{"brand":"ford","model":"gran torino","year":"1973","origin":"USA","horsepower":137,"weight":4042,"cylinders":8,"milesPerGallon":14},{"brand":"dodge","model":"coronet custom","year":"1973","origin":"USA","horsepower":150,"weight":3777,"cylinders":8,"milesPerGallon":15},{"brand":"mercury","model":"marquis brougham","year":"1973","origin":"USA","horsepower":198,"weight":4952,"cylinders":8,"milesPerGallon":12},{"brand":"chevrolet","model":"caprice classic","year":"1973","origin":"USA","horsepower":150,"weight":4464,"cylinders":8,"milesPerGallon":13},{"brand":"ford","model":"ltd","year":"1973","origin":"USA","horsepower":158,"weight":4363,"cylinders":8,"milesPerGallon":13},{"brand":"plymouth","model":"fury gran sedan","year":"1973","origin":"USA","horsepower":150,"weight":4237,"cylinders":8,"milesPerGallon":14},{"brand":"chrysler","model":"new yorker brougham","year":"1973","origin":"USA","horsepower":215,"weight":4735,"cylinders":8,"milesPerGallon":13},{"brand":"buick","model":"electra 225 custom","year":"1973","origin":"USA","horsepower":225,"weight":4951,"cylinders":8,"milesPerGallon":12},{"brand":"amc","model":"ambassador brougham","year":"1973","origin":"USA","horsepower":175,"weight":3821,"cylinders":8,"milesPerGallon":13},{"brand":"plymouth","model":"valiant","year":"1973","origin":"USA","horsepower":105,"weight":3121,"cylinders":6,"milesPerGallon":18},{"brand":"chevrolet","model":"nova custom","year":"1973","origin":"USA","horsepower":100,"weight":3278,"cylinders":6,"milesPerGallon":16},{"brand":"amc","model":"hornet","year":"1973","origin":"USA","horsepower":100,"weight":2945,"cylinders":6,"milesPerGallon":18},{"brand":"ford","model":"maverick","year":"1973","origin":"USA","horsepower":88,"weight":3021,"cylinders":6,"milesPerGallon":18},{"brand":"plymouth","model":"duster","year":"1973","origin":"USA","horsepower":95,"weight":2904,"cylinders":6,"milesPerGallon":23},{"brand":"volkswagen","model":"super beetle","year":"1973","origin":"Europe","horsepower":46,"weight":1950,"cylinders":4,"milesPerGallon":26},{"brand":"chevrolet","model":"impala","year":"1973","origin":"USA","horsepower":150,"weight":4997,"cylinders":8,"milesPerGallon":11},{"brand":"ford","model":"country","year":"1973","origin":"USA","horsepower":167,"weight":4906,"cylinders":8,"milesPerGallon":12},{"brand":"plymouth","model":"custom suburb","year":"1973","origin":"USA","horsepower":170,"weight":4654,"cylinders":8,"milesPerGallon":13},{"brand":"oldsmobile","model":"vista cruiser","year":"1973","origin":"USA","horsepower":180,"weight":4499,"cylinders":8,"milesPerGallon":12},{"brand":"amc","model":"gremlin","year":"1973","origin":"USA","horsepower":100,"weight":2789,"cylinders":6,"milesPerGallon":18},{"brand":"toyota","model":"carina","year":"1973","origin":"Japan","horsepower":88,"weight":2279,"cylinders":4,"milesPerGallon":20},{"brand":"chevrolet","model":"vega","year":"1973","origin":"USA","horsepower":72,"weight":2401,"cylinders":4,"milesPerGallon":21},{"brand":"datsun","model":"610","year":"1973","origin":"Japan","horsepower":94,"weight":2379,"cylinders":4,"milesPerGallon":22},{"brand":"maxda","model":"rx3","year":"1973","origin":"Japan","horsepower":90,"weight":2124,"cylinders":3,"milesPerGallon":18},{"brand":"ford","model":"pinto","year":"1973","origin":"USA","horsepower":85,"weight":2310,"cylinders":4,"milesPerGallon":19},{"brand":"mercury","model":"capri v6","year":"1973","origin":"USA","horsepower":107,"weight":2472,"cylinders":6,"milesPerGallon":21},{"brand":"fiat","model":"124 sport coupe","year":"1973","origin":"Europe","horsepower":90,"weight":2265,"cylinders":4,"milesPerGallon":26},{"brand":"chevrolet","model":"monte carlo s","year":"1973","origin":"USA","horsepower":145,"weight":4082,"cylinders":8,"milesPerGallon":15},{"brand":"pontiac","model":"grand prix","year":"1973","origin":"USA","horsepower":230,"weight":4278,"cylinders":8,"milesPerGallon":16},{"brand":"fiat","model":"128","year":"1973","origin":"Europe","horsepower":49,"weight":1867,"cylinders":4,"milesPerGallon":29},{"brand":"opel","model":"manta","year":"1973","origin":"Europe","horsepower":75,"weight":2158,"cylinders":4,"milesPerGallon":24},{"brand":"audi","model":"100ls","year":"1973","origin":"Europe","horsepower":91,"weight":2582,"cylinders":4,"milesPerGallon":20},{"brand":"volvo","model":"144ea","year":"1973","origin":"Europe","horsepower":112,"weight":2868,"cylinders":4,"milesPerGallon":19},{"brand":"dodge","model":"dart custom","year":"1973","origin":"USA","horsepower":150,"weight":3399,"cylinders":8,"milesPerGallon":15},{"brand":"saab","model":"99le","year":"1973","origin":"Europe","horsepower":110,"weight":2660,"cylinders":4,"milesPerGallon":24},{"brand":"toyota","model":"mark ii","year":"1973","origin":"Japan","horsepower":122,"weight":2807,"cylinders":6,"milesPerGallon":20},{"brand":"oldsmobile","model":"omega","year":"1973","origin":"USA","horsepower":180,"weight":3664,"cylinders":8,"milesPerGallon":11},{"brand":"plymouth","model":"duster","year":"1974","origin":"USA","horsepower":95,"weight":3102,"cylinders":6,"milesPerGallon":20},{"brand":"ford","model":"maverick","year":"1974","origin":"USA","horsepower":null,"weight":2875,"cylinders":6,"milesPerGallon":21},{"brand":"amc","model":"hornet","year":"1974","origin":"USA","horsepower":100,"weight":2901,"cylinders":6,"milesPerGallon":19},{"brand":"chevrolet","model":"nova","year":"1974","origin":"USA","horsepower":100,"weight":3336,"cylinders":6,"milesPerGallon":15},{"brand":"datsun","model":"b210","year":"1974","origin":"Japan","horsepower":67,"weight":1950,"cylinders":4,"milesPerGallon":31},{"brand":"ford","model":"pinto","year":"1974","origin":"USA","horsepower":80,"weight":2451,"cylinders":4,"milesPerGallon":26},{"brand":"toyota","model":"corolla 1200","year":"1974","origin":"Japan","horsepower":65,"weight":1836,"cylinders":4,"milesPerGallon":32},{"brand":"chevrolet","model":"vega","year":"1974","origin":"USA","horsepower":75,"weight":2542,"cylinders":4,"milesPerGallon":25},{"brand":"chevrolet","model":"chevelle malibu classic","year":"1974","origin":"USA","horsepower":100,"weight":3781,"cylinders":6,"milesPerGallon":16},{"brand":"amc","model":"matador","year":"1974","origin":"USA","horsepower":110,"weight":3632,"cylinders":6,"milesPerGallon":16},{"brand":"plymouth","model":"satellite sebring","year":"1974","origin":"USA","horsepower":105,"weight":3613,"cylinders":6,"milesPerGallon":18},{"brand":"ford","model":"gran torino","year":"1974","origin":"USA","horsepower":140,"weight":4141,"cylinders":8,"milesPerGallon":16},{"brand":"buick","model":"century luxus (sw)","year":"1974","origin":"USA","horsepower":150,"weight":4699,"cylinders":8,"milesPerGallon":13},{"brand":"dodge","model":"coronet custom (sw)","year":"1974","origin":"USA","horsepower":150,"weight":4457,"cylinders":8,"milesPerGallon":14},{"brand":"ford","model":"gran torino (sw)","year":"1974","origin":"USA","horsepower":140,"weight":4638,"cylinders":8,"milesPerGallon":14},{"brand":"amc","model":"matador (sw)","year":"1974","origin":"USA","horsepower":150,"weight":4257,"cylinders":8,"milesPerGallon":14},{"brand":"audi","model":"fox","year":"1974","origin":"Europe","horsepower":83,"weight":2219,"cylinders":4,"milesPerGallon":29},{"brand":"volkswagen","model":"dasher","year":"1974","origin":"Europe","horsepower":67,"weight":1963,"cylinders":4,"milesPerGallon":26},{"brand":"opel","model":"manta","year":"1974","origin":"Europe","horsepower":78,"weight":2300,"cylinders":4,"milesPerGallon":26},{"brand":"toyota","model":"corona","year":"1974","origin":"Japan","horsepower":52,"weight":1649,"cylinders":4,"milesPerGallon":31},{"brand":"datsun","model":"710","year":"1974","origin":"Japan","horsepower":61,"weight":2003,"cylinders":4,"milesPerGallon":32},{"brand":"dodge","model":"colt","year":"1974","origin":"USA","horsepower":75,"weight":2125,"cylinders":4,"milesPerGallon":28},{"brand":"fiat","model":"128","year":"1974","origin":"Europe","horsepower":75,"weight":2108,"cylinders":4,"milesPerGallon":24},{"brand":"fiat","model":"124 tc","year":"1974","origin":"Europe","horsepower":75,"weight":2246,"cylinders":4,"milesPerGallon":26},{"brand":"honda","model":"civic","year":"1974","origin":"Japan","horsepower":97,"weight":2489,"cylinders":4,"milesPerGallon":24},{"brand":"","model":"subaru","year":"1974","origin":"Japan","horsepower":93,"weight":2391,"cylinders":4,"milesPerGallon":26},{"brand":"fiat","model":"x1.9","year":"1974","origin":"Europe","horsepower":67,"weight":2000,"cylinders":4,"milesPerGallon":31},{"brand":"plymouth","model":"valiant custom","year":"1975","origin":"USA","horsepower":95,"weight":3264,"cylinders":6,"milesPerGallon":19},{"brand":"chevrolet","model":"nova","year":"1975","origin":"USA","horsepower":105,"weight":3459,"cylinders":6,"milesPerGallon":18},{"brand":"mercury","model":"monarch","year":"1975","origin":"USA","horsepower":72,"weight":3432,"cylinders":6,"milesPerGallon":15},{"brand":"ford","model":"maverick","year":"1975","origin":"USA","horsepower":72,"weight":3158,"cylinders":6,"milesPerGallon":15},{"brand":"pontiac","model":"catalina","year":"1975","origin":"USA","horsepower":170,"weight":4668,"cylinders":8,"milesPerGallon":16},{"brand":"chevrolet","model":"bel air","year":"1975","origin":"USA","horsepower":145,"weight":4440,"cylinders":8,"milesPerGallon":15},{"brand":"plymouth","model":"grand fury","year":"1975","origin":"USA","horsepower":150,"weight":4498,"cylinders":8,"milesPerGallon":16},{"brand":"ford","model":"ltd","year":"1975","origin":"USA","horsepower":148,"weight":4657,"cylinders":8,"milesPerGallon":14},{"brand":"buick","model":"century","year":"1975","origin":"USA","horsepower":110,"weight":3907,"cylinders":6,"milesPerGallon":17},{"brand":"chevroelt","model":"chevelle malibu","year":"1975","origin":"USA","horsepower":105,"weight":3897,"cylinders":6,"milesPerGallon":16},{"brand":"amc","model":"matador","year":"1975","origin":"USA","horsepower":110,"weight":3730,"cylinders":6,"milesPerGallon":15},{"brand":"plymouth","model":"fury","year":"1975","origin":"USA","horsepower":95,"weight":3785,"cylinders":6,"milesPerGallon":18},{"brand":"buick","model":"skyhawk","year":"1975","origin":"USA","horsepower":110,"weight":3039,"cylinders":6,"milesPerGallon":21},{"brand":"chevrolet","model":"monza 2+2","year":"1975","origin":"USA","horsepower":110,"weight":3221,"cylinders":8,"milesPerGallon":20},{"brand":"ford","model":"mustang ii","year":"1975","origin":"USA","horsepower":129,"weight":3169,"cylinders":8,"milesPerGallon":13},{"brand":"toyota","model":"corolla","year":"1975","origin":"Japan","horsepower":75,"weight":2171,"cylinders":4,"milesPerGallon":29},{"brand":"ford","model":"pinto","year":"1975","origin":"USA","horsepower":83,"weight":2639,"cylinders":4,"milesPerGallon":23},{"brand":"amc","model":"gremlin","year":"1975","origin":"USA","horsepower":100,"weight":2914,"cylinders":6,"milesPerGallon":20},{"brand":"pontiac","model":"astro","year":"1975","origin":"USA","horsepower":78,"weight":2592,"cylinders":4,"milesPerGallon":23},{"brand":"toyota","model":"corona","year":"1975","origin":"Japan","horsepower":96,"weight":2702,"cylinders":4,"milesPerGallon":24},{"brand":"volkswagen","model":"dasher","year":"1975","origin":"Europe","horsepower":71,"weight":2223,"cylinders":4,"milesPerGallon":25},{"brand":"datsun","model":"710","year":"1975","origin":"Japan","horsepower":97,"weight":2545,"cylinders":4,"milesPerGallon":24},{"brand":"ford","model":"pinto","year":"1975","origin":"USA","horsepower":97,"weight":2984,"cylinders":6,"milesPerGallon":18},{"brand":"volkswagen","model":"rabbit","year":"1975","origin":"Europe","horsepower":70,"weight":1937,"cylinders":4,"milesPerGallon":29},{"brand":"amc","model":"pacer","year":"1975","origin":"USA","horsepower":90,"weight":3211,"cylinders":6,"milesPerGallon":19},{"brand":"audi","model":"100ls","year":"1975","origin":"Europe","horsepower":95,"weight":2694,"cylinders":4,"milesPerGallon":23},{"brand":"peugeot","model":"504","year":"1975","origin":"Europe","horsepower":88,"weight":2957,"cylinders":4,"milesPerGallon":23},{"brand":"volvo","model":"244dl","year":"1975","origin":"Europe","horsepower":98,"weight":2945,"cylinders":4,"milesPerGallon":22},{"brand":"saab","model":"99le","year":"1975","origin":"Europe","horsepower":115,"weight":2671,"cylinders":4,"milesPerGallon":25},{"brand":"honda","model":"civic cvcc","year":"1975","origin":"Japan","horsepower":53,"weight":1795,"cylinders":4,"milesPerGallon":33},{"brand":"fiat","model":"131","year":"1976","origin":"Europe","horsepower":86,"weight":2464,"cylinders":4,"milesPerGallon":28},{"brand":"opel","model":"1900","year":"1976","origin":"Europe","horsepower":81,"weight":2220,"cylinders":4,"milesPerGallon":25},{"brand":"capri","model":"ii","year":"1976","origin":"USA","horsepower":92,"weight":2572,"cylinders":4,"milesPerGallon":25},{"brand":"dodge","model":"colt","year":"1976","origin":"USA","horsepower":79,"weight":2255,"cylinders":4,"milesPerGallon":26},{"brand":"renault","model":"12tl","year":"1976","origin":"Europe","horsepower":83,"weight":2202,"cylinders":4,"milesPerGallon":27},{"brand":"chevrolet","model":"chevelle malibu classic","year":"1976","origin":"USA","horsepower":140,"weight":4215,"cylinders":8,"milesPerGallon":17.5},{"brand":"dodge","model":"coronet brougham","year":"1976","origin":"USA","horsepower":150,"weight":4190,"cylinders":8,"milesPerGallon":16},{"brand":"amc","model":"matador","year":"1976","origin":"USA","horsepower":120,"weight":3962,"cylinders":8,"milesPerGallon":15.5},{"brand":"ford","model":"gran torino","year":"1976","origin":"USA","horsepower":152,"weight":4215,"cylinders":8,"milesPerGallon":14.5},{"brand":"plymouth","model":"valiant","year":"1976","origin":"USA","horsepower":100,"weight":3233,"cylinders":6,"milesPerGallon":22},{"brand":"chevrolet","model":"nova","year":"1976","origin":"USA","horsepower":105,"weight":3353,"cylinders":6,"milesPerGallon":22},{"brand":"ford","model":"maverick","year":"1976","origin":"USA","horsepower":81,"weight":3012,"cylinders":6,"milesPerGallon":24},{"brand":"amc","model":"hornet","year":"1976","origin":"USA","horsepower":90,"weight":3085,"cylinders":6,"milesPerGallon":22.5},{"brand":"chevrolet","model":"chevette","year":"1976","origin":"USA","horsepower":52,"weight":2035,"cylinders":4,"milesPerGallon":29},{"brand":"chevrolet","model":"woody","year":"1976","origin":"USA","horsepower":60,"weight":2164,"cylinders":4,"milesPerGallon":24.5},{"brand":"vw","model":"rabbit","year":"1976","origin":"Europe","horsepower":70,"weight":1937,"cylinders":4,"milesPerGallon":29},{"brand":"honda","model":"civic","year":"1976","origin":"Japan","horsepower":53,"weight":1795,"cylinders":4,"milesPerGallon":33},{"brand":"dodge","model":"aspen se","year":"1976","origin":"USA","horsepower":100,"weight":3651,"cylinders":6,"milesPerGallon":20},{"brand":"ford","model":"granada ghia","year":"1976","origin":"USA","horsepower":78,"weight":3574,"cylinders":6,"milesPerGallon":18},{"brand":"pontiac","model":"ventura sj","year":"1976","origin":"USA","horsepower":110,"weight":3645,"cylinders":6,"milesPerGallon":18.5},{"brand":"amc","model":"pacer d/l","year":"1976","origin":"USA","horsepower":95,"weight":3193,"cylinders":6,"milesPerGallon":17.5},{"brand":"volkswagen","model":"rabbit","year":"1976","origin":"Europe","horsepower":71,"weight":1825,"cylinders":4,"milesPerGallon":29.5},{"brand":"datsun","model":"b-210","year":"1976","origin":"Japan","horsepower":70,"weight":1990,"cylinders":4,"milesPerGallon":32},{"brand":"toyota","model":"corolla","year":"1976","origin":"Japan","horsepower":75,"weight":2155,"cylinders":4,"milesPerGallon":28},{"brand":"ford","model":"pinto","year":"1976","origin":"USA","horsepower":72,"weight":2565,"cylinders":4,"milesPerGallon":26.5},{"brand":"volvo","model":"245","year":"1976","origin":"Europe","horsepower":102,"weight":3150,"cylinders":4,"milesPerGallon":20},{"brand":"plymouth","model":"volare premier v8","year":"1976","origin":"USA","horsepower":150,"weight":3940,"cylinders":8,"milesPerGallon":13},{"brand":"peugeot","model":"504","year":"1976","origin":"Europe","horsepower":88,"weight":3270,"cylinders":4,"milesPerGallon":19},{"brand":"toyota","model":"mark ii","year":"1976","origin":"Japan","horsepower":108,"weight":2930,"cylinders":6,"milesPerGallon":19},{"brand":"mercedes-benz","model":"280s","year":"1976","origin":"Europe","horsepower":120,"weight":3820,"cylinders":6,"milesPerGallon":16.5},{"brand":"cadillac","model":"seville","year":"1976","origin":"USA","horsepower":180,"weight":4380,"cylinders":8,"milesPerGallon":16.5},{"brand":"chevy","model":"c10","year":"1976","origin":"USA","horsepower":145,"weight":4055,"cylinders":8,"milesPerGallon":13},{"brand":"ford","model":"f108","year":"1976","origin":"USA","horsepower":130,"weight":3870,"cylinders":8,"milesPerGallon":13},{"brand":"dodge","model":"d100","year":"1976","origin":"USA","horsepower":150,"weight":3755,"cylinders":8,"milesPerGallon":13},{"brand":"honda","model":"Accelerationord cvcc","year":"1977","origin":"Japan","horsepower":68,"weight":2045,"cylinders":4,"milesPerGallon":31.5},{"brand":"buick","model":"opel isuzu deluxe","year":"1977","origin":"USA","horsepower":80,"weight":2155,"cylinders":4,"milesPerGallon":30},{"brand":"renault","model":"5 gtl","year":"1977","origin":"Europe","horsepower":58,"weight":1825,"cylinders":4,"milesPerGallon":36},{"brand":"plymouth","model":"arrow gs","year":"1977","origin":"USA","horsepower":96,"weight":2300,"cylinders":4,"milesPerGallon":25.5},{"brand":"datsun","model":"f-10 hatchback","year":"1977","origin":"Japan","horsepower":70,"weight":1945,"cylinders":4,"milesPerGallon":33.5},{"brand":"chevrolet","model":"caprice classic","year":"1977","origin":"USA","horsepower":145,"weight":3880,"cylinders":8,"milesPerGallon":17.5},{"brand":"oldsmobile","model":"cutlass supreme","year":"1977","origin":"USA","horsepower":110,"weight":4060,"cylinders":8,"milesPerGallon":17},{"brand":"dodge","model":"monaco brougham","year":"1977","origin":"USA","horsepower":145,"weight":4140,"cylinders":8,"milesPerGallon":15.5},{"brand":"mercury","model":"cougar brougham","year":"1977","origin":"USA","horsepower":130,"weight":4295,"cylinders":8,"milesPerGallon":15},{"brand":"chevrolet","model":"concours","year":"1977","origin":"USA","horsepower":110,"weight":3520,"cylinders":6,"milesPerGallon":17.5},{"brand":"buick","model":"skylark","year":"1977","origin":"USA","horsepower":105,"weight":3425,"cylinders":6,"milesPerGallon":20.5},{"brand":"plymouth","model":"volare custom","year":"1977","origin":"USA","horsepower":100,"weight":3630,"cylinders":6,"milesPerGallon":19},{"brand":"ford","model":"granada","year":"1977","origin":"USA","horsepower":98,"weight":3525,"cylinders":6,"milesPerGallon":18.5},{"brand":"pontiac","model":"grand prix lj","year":"1977","origin":"USA","horsepower":180,"weight":4220,"cylinders":8,"milesPerGallon":16},{"brand":"chevrolet","model":"monte carlo landau","year":"1977","origin":"USA","horsepower":170,"weight":4165,"cylinders":8,"milesPerGallon":15.5},{"brand":"chrysler","model":"cordoba","year":"1977","origin":"USA","horsepower":190,"weight":4325,"cylinders":8,"milesPerGallon":15.5},{"brand":"ford","model":"thunderbird","year":"1977","origin":"USA","horsepower":149,"weight":4335,"cylinders":8,"milesPerGallon":16},{"brand":"volkswagen","model":"rabbit custom","year":"1977","origin":"Europe","horsepower":78,"weight":1940,"cylinders":4,"milesPerGallon":29},{"brand":"pontiac","model":"sunbird coupe","year":"1977","origin":"USA","horsepower":88,"weight":2740,"cylinders":4,"milesPerGallon":24.5},{"brand":"toyota","model":"corolla liftback","year":"1977","origin":"Japan","horsepower":75,"weight":2265,"cylinders":4,"milesPerGallon":26},{"brand":"ford","model":"mustang ii 2+2","year":"1977","origin":"USA","horsepower":89,"weight":2755,"cylinders":4,"milesPerGallon":25.5},{"brand":"chevrolet","model":"chevette","year":"1977","origin":"USA","horsepower":63,"weight":2051,"cylinders":4,"milesPerGallon":30.5},{"brand":"dodge","model":"colt m/m","year":"1977","origin":"USA","horsepower":83,"weight":2075,"cylinders":4,"milesPerGallon":33.5},{"brand":"subaru","model":"dl","year":"1977","origin":"Japan","horsepower":67,"weight":1985,"cylinders":4,"milesPerGallon":30},{"brand":"volkswagen","model":"dasher","year":"1977","origin":"Europe","horsepower":78,"weight":2190,"cylinders":4,"milesPerGallon":30.5},{"brand":"datsun","model":"810","year":"1977","origin":"Japan","horsepower":97,"weight":2815,"cylinders":6,"milesPerGallon":22},{"brand":"bmw","model":"320i","year":"1977","origin":"Europe","horsepower":110,"weight":2600,"cylinders":4,"milesPerGallon":21.5},{"brand":"mazda","model":"rx-4","year":"1977","origin":"Japan","horsepower":110,"weight":2720,"cylinders":3,"milesPerGallon":21.5},{"brand":"volkswagen","model":"rabbit custom diesel","year":"1978","origin":"Europe","horsepower":48,"weight":1985,"cylinders":4,"milesPerGallon":43.1},{"brand":"ford","model":"fiesta","year":"1978","origin":"USA","horsepower":66,"weight":1800,"cylinders":4,"milesPerGallon":36.1},{"brand":"mazda","model":"glc deluxe","year":"1978","origin":"Japan","horsepower":52,"weight":1985,"cylinders":4,"milesPerGallon":32.8},{"brand":"datsun","model":"b210 gx","year":"1978","origin":"Japan","horsepower":70,"weight":2070,"cylinders":4,"milesPerGallon":39.4},{"brand":"honda","model":"civic cvcc","year":"1978","origin":"Japan","horsepower":60,"weight":1800,"cylinders":4,"milesPerGallon":36.1},{"brand":"oldsmobile","model":"cutlass salon brougham","year":"1978","origin":"USA","horsepower":110,"weight":3365,"cylinders":8,"milesPerGallon":19.9},{"brand":"dodge","model":"diplomat","year":"1978","origin":"USA","horsepower":140,"weight":3735,"cylinders":8,"milesPerGallon":19.4},{"brand":"mercury","model":"monarch ghia","year":"1978","origin":"USA","horsepower":139,"weight":3570,"cylinders":8,"milesPerGallon":20.2},{"brand":"pontiac","model":"phoenix lj","year":"1978","origin":"USA","horsepower":105,"weight":3535,"cylinders":6,"milesPerGallon":19.2},{"brand":"chevrolet","model":"malibu","year":"1978","origin":"USA","horsepower":95,"weight":3155,"cylinders":6,"milesPerGallon":20.5},{"brand":"ford","model":"fairmont (auto)","year":"1978","origin":"USA","horsepower":85,"weight":2965,"cylinders":6,"milesPerGallon":20.2},{"brand":"ford","model":"fairmont (man)","year":"1978","origin":"USA","horsepower":88,"weight":2720,"cylinders":4,"milesPerGallon":25.1},{"brand":"plymouth","model":"volare","year":"1978","origin":"USA","horsepower":100,"weight":3430,"cylinders":6,"milesPerGallon":20.5},{"brand":"amc","model":"concord","year":"1978","origin":"USA","horsepower":90,"weight":3210,"cylinders":6,"milesPerGallon":19.4},{"brand":"buick","model":"century special","year":"1978","origin":"USA","horsepower":105,"weight":3380,"cylinders":6,"milesPerGallon":20.6},{"brand":"mercury","model":"zephyr","year":"1978","origin":"USA","horsepower":85,"weight":3070,"cylinders":6,"milesPerGallon":20.8},{"brand":"dodge","model":"aspen","year":"1978","origin":"USA","horsepower":110,"weight":3620,"cylinders":6,"milesPerGallon":18.6},{"brand":"amc","model":"concord d/l","year":"1978","origin":"USA","horsepower":120,"weight":3410,"cylinders":6,"milesPerGallon":18.1},{"brand":"chevrolet","model":"monte carlo landau","year":"1978","origin":"USA","horsepower":145,"weight":3425,"cylinders":8,"milesPerGallon":19.2},{"brand":"buick","model":"regal sport coupe (turbo)","year":"1978","origin":"USA","horsepower":165,"weight":3445,"cylinders":6,"milesPerGallon":17.7},{"brand":"ford","model":"futura","year":"1978","origin":"USA","horsepower":139,"weight":3205,"cylinders":8,"milesPerGallon":18.1},{"brand":"dodge","model":"magnum xe","year":"1978","origin":"USA","horsepower":140,"weight":4080,"cylinders":8,"milesPerGallon":17.5},{"brand":"chevrolet","model":"chevette","year":"1978","origin":"USA","horsepower":68,"weight":2155,"cylinders":4,"milesPerGallon":30},{"brand":"toyota","model":"corona","year":"1978","origin":"Japan","horsepower":95,"weight":2560,"cylinders":4,"milesPerGallon":27.5},{"brand":"datsun","model":"510","year":"1978","origin":"Japan","horsepower":97,"weight":2300,"cylinders":4,"milesPerGallon":27.2},{"brand":"dodge","model":"omni","year":"1978","origin":"USA","horsepower":75,"weight":2230,"cylinders":4,"milesPerGallon":30.9},{"brand":"toyota","model":"celica gt liftback","year":"1978","origin":"Japan","horsepower":95,"weight":2515,"cylinders":4,"milesPerGallon":21.1},{"brand":"plymouth","model":"sapporo","year":"1978","origin":"USA","horsepower":105,"weight":2745,"cylinders":4,"milesPerGallon":23.2},{"brand":"oldsmobile","model":"starfire sx","year":"1978","origin":"USA","horsepower":85,"weight":2855,"cylinders":4,"milesPerGallon":23.8},{"brand":"datsun","model":"200-sx","year":"1978","origin":"Japan","horsepower":97,"weight":2405,"cylinders":4,"milesPerGallon":23.9},{"brand":"audi","model":"5000","year":"1978","origin":"Europe","horsepower":103,"weight":2830,"cylinders":5,"milesPerGallon":20.3},{"brand":"volvo","model":"264gl","year":"1978","origin":"Europe","horsepower":125,"weight":3140,"cylinders":6,"milesPerGallon":17},{"brand":"saab","model":"99gle","year":"1978","origin":"Europe","horsepower":115,"weight":2795,"cylinders":4,"milesPerGallon":21.6},{"brand":"peugeot","model":"604sl","year":"1978","origin":"Europe","horsepower":133,"weight":3410,"cylinders":6,"milesPerGallon":16.2},{"brand":"volkswagen","model":"scirocco","year":"1978","origin":"Europe","horsepower":71,"weight":1990,"cylinders":4,"milesPerGallon":31.5},{"brand":"honda","model":"Accelerationord lx","year":"1978","origin":"Japan","horsepower":68,"weight":2135,"cylinders":4,"milesPerGallon":29.5},{"brand":"pontiac","model":"lemans v6","year":"1979","origin":"USA","horsepower":115,"weight":3245,"cylinders":6,"milesPerGallon":21.5},{"brand":"mercury","model":"zephyr 6","year":"1979","origin":"USA","horsepower":85,"weight":2990,"cylinders":6,"milesPerGallon":19.8},{"brand":"ford","model":"fairmont 4","year":"1979","origin":"USA","horsepower":88,"weight":2890,"cylinders":4,"milesPerGallon":22.3},{"brand":"amc","model":"concord dl 6","year":"1979","origin":"USA","horsepower":90,"weight":3265,"cylinders":6,"milesPerGallon":20.2},{"brand":"dodge","model":"aspen 6","year":"1979","origin":"USA","horsepower":110,"weight":3360,"cylinders":6,"milesPerGallon":20.6},{"brand":"chevrolet","model":"caprice classic","year":"1979","origin":"USA","horsepower":130,"weight":3840,"cylinders":8,"milesPerGallon":17},{"brand":"ford","model":"ltd landau","year":"1979","origin":"USA","horsepower":129,"weight":3725,"cylinders":8,"milesPerGallon":17.6},{"brand":"mercury","model":"grand marquis","year":"1979","origin":"USA","horsepower":138,"weight":3955,"cylinders":8,"milesPerGallon":16.5},{"brand":"dodge","model":"st. regis","year":"1979","origin":"USA","horsepower":135,"weight":3830,"cylinders":8,"milesPerGallon":18.2},{"brand":"buick","model":"estate wagon (sw)","year":"1979","origin":"USA","horsepower":155,"weight":4360,"cylinders":8,"milesPerGallon":16.9},{"brand":"ford","model":"country squire (sw)","year":"1979","origin":"USA","horsepower":142,"weight":4054,"cylinders":8,"milesPerGallon":15.5},{"brand":"chevrolet","model":"malibu classic (sw)","year":"1979","origin":"USA","horsepower":125,"weight":3605,"cylinders":8,"milesPerGallon":19.2},{"brand":"chrysler","model":"lebaron town @ country (sw)","year":"1979","origin":"USA","horsepower":150,"weight":3940,"cylinders":8,"milesPerGallon":18.5},{"brand":"vw","model":"rabbit custom","year":"1979","origin":"Europe","horsepower":71,"weight":1925,"cylinders":4,"milesPerGallon":31.9},{"brand":"maxda","model":"glc deluxe","year":"1979","origin":"Japan","horsepower":65,"weight":1975,"cylinders":4,"milesPerGallon":34.1},{"brand":"dodge","model":"colt hatchback custom","year":"1979","origin":"USA","horsepower":80,"weight":1915,"cylinders":4,"milesPerGallon":35.7},{"brand":"amc","model":"spirit dl","year":"1979","origin":"USA","horsepower":80,"weight":2670,"cylinders":4,"milesPerGallon":27.4},{"brand":"mercedes","model":"benz 300d","year":"1979","origin":"Europe","horsepower":77,"weight":3530,"cylinders":5,"milesPerGallon":25.4},{"brand":"cadillac","model":"eldorado","year":"1979","origin":"USA","horsepower":125,"weight":3900,"cylinders":8,"milesPerGallon":23},{"brand":"peugeot","model":"504","year":"1979","origin":"Europe","horsepower":71,"weight":3190,"cylinders":4,"milesPerGallon":27.2},{"brand":"oldsmobile","model":"cutlass salon brougham","year":"1979","origin":"USA","horsepower":90,"weight":3420,"cylinders":8,"milesPerGallon":23.9},{"brand":"plymouth","model":"horizon","year":"1979","origin":"USA","horsepower":70,"weight":2200,"cylinders":4,"milesPerGallon":34.2},{"brand":"plymouth","model":"horizon tc3","year":"1979","origin":"USA","horsepower":70,"weight":2150,"cylinders":4,"milesPerGallon":34.5},{"brand":"datsun","model":"210","year":"1979","origin":"Japan","horsepower":65,"weight":2020,"cylinders":4,"milesPerGallon":31.8},{"brand":"fiat","model":"strada custom","year":"1979","origin":"Europe","horsepower":69,"weight":2130,"cylinders":4,"milesPerGallon":37.3},{"brand":"buick","model":"skylark limited","year":"1979","origin":"USA","horsepower":90,"weight":2670,"cylinders":4,"milesPerGallon":28.4},{"brand":"chevrolet","model":"citation","year":"1979","origin":"USA","horsepower":115,"weight":2595,"cylinders":6,"milesPerGallon":28.8},{"brand":"oldsmobile","model":"omega brougham","year":"1979","origin":"USA","horsepower":115,"weight":2700,"cylinders":6,"milesPerGallon":26.8},{"brand":"pontiac","model":"phoenix","year":"1979","origin":"USA","horsepower":90,"weight":2556,"cylinders":4,"milesPerGallon":33.5},{"brand":"vw","model":"rabbit","year":"1980","origin":"Europe","horsepower":76,"weight":2144,"cylinders":4,"milesPerGallon":41.5},{"brand":"toyota","model":"corolla tercel","year":"1980","origin":"Japan","horsepower":60,"weight":1968,"cylinders":4,"milesPerGallon":38.1},{"brand":"chevrolet","model":"chevette","year":"1980","origin":"USA","horsepower":70,"weight":2120,"cylinders":4,"milesPerGallon":32.1},{"brand":"datsun","model":"310","year":"1980","origin":"Japan","horsepower":65,"weight":2019,"cylinders":4,"milesPerGallon":37.2},{"brand":"chevrolet","model":"citation","year":"1980","origin":"USA","horsepower":90,"weight":2678,"cylinders":4,"milesPerGallon":28},{"brand":"ford","model":"fairmont","year":"1980","origin":"USA","horsepower":88,"weight":2870,"cylinders":4,"milesPerGallon":26.4},{"brand":"amc","model":"concord","year":"1980","origin":"USA","horsepower":90,"weight":3003,"cylinders":4,"milesPerGallon":24.3},{"brand":"dodge","model":"aspen","year":"1980","origin":"USA","horsepower":90,"weight":3381,"cylinders":6,"milesPerGallon":19.1},{"brand":"audi","model":"4000","year":"1980","origin":"Europe","horsepower":78,"weight":2188,"cylinders":4,"milesPerGallon":34.3},{"brand":"toyota","model":"corona liftback","year":"1980","origin":"Japan","horsepower":90,"weight":2711,"cylinders":4,"milesPerGallon":29.8},{"brand":"mazda","model":"626","year":"1980","origin":"Japan","horsepower":75,"weight":2542,"cylinders":4,"milesPerGallon":31.3},{"brand":"datsun","model":"510 hatchback","year":"1980","origin":"Japan","horsepower":92,"weight":2434,"cylinders":4,"milesPerGallon":37},{"brand":"toyota","model":"corolla","year":"1980","origin":"Japan","horsepower":75,"weight":2265,"cylinders":4,"milesPerGallon":32.2},{"brand":"mazda","model":"glc","year":"1980","origin":"Japan","horsepower":65,"weight":2110,"cylinders":4,"milesPerGallon":46.6},{"brand":"dodge","model":"colt","year":"1980","origin":"USA","horsepower":105,"weight":2800,"cylinders":4,"milesPerGallon":27.9},{"brand":"datsun","model":"210","year":"1980","origin":"Japan","horsepower":65,"weight":2110,"cylinders":4,"milesPerGallon":40.8},{"brand":"vw","model":"rabbit c (diesel)","year":"1980","origin":"Europe","horsepower":48,"weight":2085,"cylinders":4,"milesPerGallon":44.3},{"brand":"vw","model":"dasher (diesel)","year":"1980","origin":"Europe","horsepower":48,"weight":2335,"cylinders":4,"milesPerGallon":43.4},{"brand":"audi","model":"5000s (diesel)","year":"1980","origin":"Europe","horsepower":67,"weight":2950,"cylinders":5,"milesPerGallon":36.4},{"brand":"mercedes-benz","model":"240d","year":"1980","origin":"Europe","horsepower":67,"weight":3250,"cylinders":4,"milesPerGallon":30},{"brand":"honda","model":"civic 1500 gl","year":"1980","origin":"Japan","horsepower":67,"weight":1850,"cylinders":4,"milesPerGallon":44.6},{"brand":"renault","model":"lecar deluxe","year":"1980","origin":"Europe","horsepower":null,"weight":1835,"cylinders":4,"milesPerGallon":40.9},{"brand":"subaru","model":"dl","year":"1980","origin":"Japan","horsepower":67,"weight":2145,"cylinders":4,"milesPerGallon":33.8},{"brand":"vokswagen","model":"rabbit","year":"1980","origin":"Europe","horsepower":62,"weight":1845,"cylinders":4,"milesPerGallon":29.8},{"brand":"datsun","model":"280-zx","year":"1980","origin":"Japan","horsepower":132,"weight":2910,"cylinders":6,"milesPerGallon":32.7},{"brand":"mazda","model":"rx-7 gs","year":"1980","origin":"Japan","horsepower":100,"weight":2420,"cylinders":3,"milesPerGallon":23.7},{"brand":"triumph","model":"tr7 coupe","year":"1980","origin":"Europe","horsepower":88,"weight":2500,"cylinders":4,"milesPerGallon":35},{"brand":"ford","model":"mustang cobra","year":"1980","origin":"USA","horsepower":null,"weight":2905,"cylinders":4,"milesPerGallon":23.6},{"brand":"honda","model":"Accelerationord","year":"1980","origin":"Japan","horsepower":72,"weight":2290,"cylinders":4,"milesPerGallon":32.4},{"brand":"plymouth","model":"reliant","year":"1982","origin":"USA","horsepower":84,"weight":2490,"cylinders":4,"milesPerGallon":27.2},{"brand":"buick","model":"skylark","year":"1982","origin":"USA","horsepower":84,"weight":2635,"cylinders":4,"milesPerGallon":26.6},{"brand":"dodge","model":"aries wagon (sw)","year":"1982","origin":"USA","horsepower":92,"weight":2620,"cylinders":4,"milesPerGallon":25.8},{"brand":"chevrolet","model":"citation","year":"1982","origin":"USA","horsepower":110,"weight":2725,"cylinders":6,"milesPerGallon":23.5},{"brand":"plymouth","model":"reliant","year":"1982","origin":"USA","horsepower":84,"weight":2385,"cylinders":4,"milesPerGallon":30},{"brand":"toyota","model":"starlet","year":"1982","origin":"Japan","horsepower":58,"weight":1755,"cylinders":4,"milesPerGallon":39.1},{"brand":"plymouth","model":"champ","year":"1982","origin":"USA","horsepower":64,"weight":1875,"cylinders":4,"milesPerGallon":39},{"brand":"honda","model":"civic 1300","year":"1982","origin":"Japan","horsepower":60,"weight":1760,"cylinders":4,"milesPerGallon":35.1},{"brand":"","model":"subaru","year":"1982","origin":"Japan","horsepower":67,"weight":2065,"cylinders":4,"milesPerGallon":32.3},{"brand":"datsun","model":"210","year":"1982","origin":"Japan","horsepower":65,"weight":1975,"cylinders":4,"milesPerGallon":37},{"brand":"toyota","model":"tercel","year":"1982","origin":"Japan","horsepower":62,"weight":2050,"cylinders":4,"milesPerGallon":37.7},{"brand":"mazda","model":"glc 4","year":"1982","origin":"Japan","horsepower":68,"weight":1985,"cylinders":4,"milesPerGallon":34.1},{"brand":"plymouth","model":"horizon 4","year":"1982","origin":"USA","horsepower":63,"weight":2215,"cylinders":4,"milesPerGallon":34.7},{"brand":"ford","model":"escort 4w","year":"1982","origin":"USA","horsepower":65,"weight":2045,"cylinders":4,"milesPerGallon":34.4},{"brand":"ford","model":"escort 2h","year":"1982","origin":"USA","horsepower":65,"weight":2380,"cylinders":4,"milesPerGallon":29.9},{"brand":"volkswagen","model":"jetta","year":"1982","origin":"Europe","horsepower":74,"weight":2190,"cylinders":4,"milesPerGallon":33},{"brand":"renault","model":"18i","year":"1982","origin":"Europe","horsepower":null,"weight":2320,"cylinders":4,"milesPerGallon":34.5},{"brand":"honda","model":"prelude","year":"1982","origin":"Japan","horsepower":75,"weight":2210,"cylinders":4,"milesPerGallon":33.7},{"brand":"toyota","model":"corolla","year":"1982","origin":"Japan","horsepower":75,"weight":2350,"cylinders":4,"milesPerGallon":32.4},{"brand":"datsun","model":"200sx","year":"1982","origin":"Japan","horsepower":100,"weight":2615,"cylinders":4,"milesPerGallon":32.9},{"brand":"mazda","model":"626","year":"1982","origin":"Japan","horsepower":74,"weight":2635,"cylinders":4,"milesPerGallon":31.6},{"brand":"peugeot","model":"505s turbo diesel","year":"1982","origin":"Europe","horsepower":80,"weight":3230,"cylinders":4,"milesPerGallon":28.1},{"brand":"saab","model":"900s","year":"1982","origin":"Europe","horsepower":110,"weight":2800,"cylinders":4,"milesPerGallon":null},{"brand":"volvo","model":"diesel","year":"1982","origin":"Europe","horsepower":76,"weight":3160,"cylinders":6,"milesPerGallon":30.7},{"brand":"toyota","model":"cressida","year":"1982","origin":"Japan","horsepower":116,"weight":2900,"cylinders":6,"milesPerGallon":25.4},{"brand":"datsun","model":"810 maxima","year":"1982","origin":"Japan","horsepower":120,"weight":2930,"cylinders":6,"milesPerGallon":24.2},{"brand":"buick","model":"century","year":"1982","origin":"USA","horsepower":110,"weight":3415,"cylinders":6,"milesPerGallon":22.4},{"brand":"oldsmobile","model":"cutlass ls","year":"1982","origin":"USA","horsepower":105,"weight":3725,"cylinders":8,"milesPerGallon":26.6},{"brand":"ford","model":"granada gl","year":"1982","origin":"USA","horsepower":88,"weight":3060,"cylinders":6,"milesPerGallon":20.2},{"brand":"chrysler","model":"lebaron salon","year":"1982","origin":"USA","horsepower":85,"weight":3465,"cylinders":6,"milesPerGallon":17.6},{"brand":"chevrolet","model":"cavalier","year":"1982","origin":"USA","horsepower":88,"weight":2605,"cylinders":4,"milesPerGallon":28},{"brand":"chevrolet","model":"cavalier wagon","year":"1982","origin":"USA","horsepower":88,"weight":2640,"cylinders":4,"milesPerGallon":27},{"brand":"chevrolet","model":"cavalier 2-door","year":"1982","origin":"USA","horsepower":88,"weight":2395,"cylinders":4,"milesPerGallon":34},{"brand":"pontiac","model":"j2000 se hatchback","year":"1982","origin":"USA","horsepower":85,"weight":2575,"cylinders":4,"milesPerGallon":31},{"brand":"dodge","model":"aries se","year":"1982","origin":"USA","horsepower":84,"weight":2525,"cylinders":4,"milesPerGallon":29},{"brand":"pontiac","model":"phoenix","year":"1982","origin":"USA","horsepower":90,"weight":2735,"cylinders":4,"milesPerGallon":27},{"brand":"ford","model":"fairmont futura","year":"1982","origin":"USA","horsepower":92,"weight":2865,"cylinders":4,"milesPerGallon":24},{"brand":"amc","model":"concord dl","year":"1982","origin":"USA","horsepower":null,"weight":3035,"cylinders":4,"milesPerGallon":23},{"brand":"volkswagen","model":"rabbit l","year":"1982","origin":"Europe","horsepower":74,"weight":1980,"cylinders":4,"milesPerGallon":36},{"brand":"mazda","model":"glc custom l","year":"1982","origin":"Japan","horsepower":68,"weight":2025,"cylinders":4,"milesPerGallon":37},{"brand":"mazda","model":"glc custom","year":"1982","origin":"Japan","horsepower":68,"weight":1970,"cylinders":4,"milesPerGallon":31},{"brand":"plymouth","model":"horizon miser","year":"1982","origin":"USA","horsepower":63,"weight":2125,"cylinders":4,"milesPerGallon":38},{"brand":"mercury","model":"lynx l","year":"1982","origin":"USA","horsepower":70,"weight":2125,"cylinders":4,"milesPerGallon":36},{"brand":"nissan","model":"stanza xe","year":"1982","origin":"Japan","horsepower":88,"weight":2160,"cylinders":4,"milesPerGallon":36},{"brand":"honda","model":"Accelerationord","year":"1982","origin":"Japan","horsepower":75,"weight":2205,"cylinders":4,"milesPerGallon":36},{"brand":"toyota","model":"corolla","year":"1982","origin":"Japan","horsepower":70,"weight":2245,"cylinders":4,"milesPerGallon":34},{"brand":"honda","model":"civic","year":"1982","origin":"Japan","horsepower":67,"weight":1965,"cylinders":4,"milesPerGallon":38},{"brand":"honda","model":"civic (auto)","year":"1982","origin":"Japan","horsepower":67,"weight":1965,"cylinders":4,"milesPerGallon":32},{"brand":"datsun","model":"310 gx","year":"1982","origin":"Japan","horsepower":67,"weight":1995,"cylinders":4,"milesPerGallon":38},{"brand":"buick","model":"century limited","year":"1982","origin":"USA","horsepower":110,"weight":2945,"cylinders":6,"milesPerGallon":25},{"brand":"oldsmobile","model":"cutlass ciera (diesel)","year":"1982","origin":"USA","horsepower":85,"weight":3015,"cylinders":6,"milesPerGallon":38},{"brand":"chrysler","model":"lebaron medallion","year":"1982","origin":"USA","horsepower":92,"weight":2585,"cylinders":4,"milesPerGallon":26},{"brand":"ford","model":"granada l","year":"1982","origin":"USA","horsepower":112,"weight":2835,"cylinders":6,"milesPerGallon":22},{"brand":"toyota","model":"celica gt","year":"1982","origin":"Japan","horsepower":96,"weight":2665,"cylinders":4,"milesPerGallon":32},{"brand":"dodge","model":"charger 2.2","year":"1982","origin":"USA","horsepower":84,"weight":2370,"cylinders":4,"milesPerGallon":36},{"brand":"chevrolet","model":"camaro","year":"1982","origin":"USA","horsepower":90,"weight":2950,"cylinders":4,"milesPerGallon":27},{"brand":"ford","model":"mustang gl","year":"1982","origin":"USA","horsepower":86,"weight":2790,"cylinders":4,"milesPerGallon":27},{"brand":"vw","model":"pickup","year":"1982","origin":"Europe","horsepower":52,"weight":2130,"cylinders":4,"milesPerGallon":44},{"brand":"dodge","model":"rampage","year":"1982","origin":"USA","horsepower":84,"weight":2295,"cylinders":4,"milesPerGallon":32},{"brand":"ford","model":"ranger","year":"1982","origin":"USA","horsepower":79,"weight":2625,"cylinders":4,"milesPerGallon":28},{"brand":"chevy","model":"s-10","year":"1982","origin":"USA","horsepower":82,"weight":2720,"cylinders":4,"milesPerGallon":31}]